{"cameraMode":{"drawMode":0,"name":"Shaded","section":"Shading Mode"},"sceneLighting":false,"audioPlay":false,"sceneViewState":{"m_AlwaysRefresh":false,"showFog":true,"showSkybox":false,"showFlares":true,"showImageEffects":true,"showParticleSystems":true,"showVisualEffectGraphs":true,"m_FxEnabled":true},"in2DMode":false,"pivot":{"x":1.6713151931762696,"y":2.0867960453033449,"z":0.5665378570556641},"rotation":{"x":-0.21379084885120393,"y":-0.6201813220977783,"z":0.18086010217666627,"w":-0.7328500151634216},"size":7.135763168334961,"orthographic":false}