{"cameraMode":{"drawMode":0,"name":"Shaded","section":"Shading Mode"},"sceneLighting":true,"audioPlay":false,"sceneViewState":{"m_AlwaysRefresh":false,"showFog":true,"showSkybox":true,"showFlares":true,"showImageEffects":true,"showParticleSystems":true,"showVisualEffectGraphs":true,"m_FxEnabled":true},"in2DMode":false,"pivot":{"x":-0.12042899429798126,"y":-1.0836122035980225,"z":7.732058048248291},"rotation":{"x":0.17922137677669526,"y":0.06634737551212311,"z":-0.012115344405174256,"w":0.9815025925636292},"size":9.097055435180664,"orthographic":false}