{"cameraMode":{"drawMode":0,"name":"Shaded","section":"Shading Mode"},"sceneLighting":true,"audioPlay":false,"sceneViewState":{"m_AlwaysRefresh":false,"showFog":true,"showSkybox":true,"showFlares":true,"showImageEffects":true,"showParticleSystems":true,"showVisualEffectGraphs":true,"m_FxEnabled":true},"in2DMode":false,"pivot":{"x":568.9901733398438,"y":522.0309448242188,"z":167.6386260986328},"rotation":{"x":0.16070976853370667,"y":-0.0020773138385266067,"z":0.0003377523389644921,"w":0.9870022535324097},"size":580.6627807617188,"orthographic":false}